;;;EUDAQ;Scope;;#Events;;Av.;;T set;T NTC;;;1-1;;;;;1-2;;;;;1-3;;;;;1-4;;;;;2-1;;;;;2-2;;;;;2-3;;;;;2-4;;
Date;Shifter Names;Time;RunNumber;Timestamp;Batch;This run;Total;Rate [Hz];Trigger;T [C];T [C];DUT Pos.;Sensor;V[V];V_real [V];I [µA];DUT Pos.;Sensor;V[V];V_real [V];I [µA];DUT Pos.;Sensor;V[V];V_real [V];I [µA];DUT Pos.;Sensor;V[V];V_real [V];I [µA];DUT Pos.;Sensor;V[V];V_real [V];I [µA];DUT Pos.;Sensor;V[V];V_real [V];I [µA];DUT Pos.;Sensor;V[V];V_real [V];I [µA];DUT Pos.;Sensor;V[V];V_real [V];I [µA]
7.9.;Edvin/Elisabeth;23:24;3656;1504818689;101;200262;200262;285;sc310&FEI4;22;25;1;W9-LGA35;250;;0,005;4;50D-GBGR2;300;;0,002;6;W4-LG12;120;;0,003;SiPM-AFP;SiPM-AFP;26,5;;35,5;3_0;W4-S215;125;;0,007;3_1;W4-S215;125;;0,007;3_2;W4-S215;125;;0,007;3_3;W4-S215;125;;0,007
7.9.;Edvin/Elisabeth;23:51;3657;1504820576;101;279007;479269;288;sc310&FEI4;22;25;1;W9-LGA35;250;;0,005;4;50D-GBGR2;300;;0,002;6;W4-LG12;120;;0,003;SiPM-AFP;SiPM-AFP;26,5;;35,5;3_0;W4-S215;125;;0,007;3_1;W4-S215;125;;0,007;3_2;W4-S215;125;;0,007;3_3;W4-S215;125;;0,007
8.9.;Weitao/Elisabeth;00:08;3658;1504821761;101;200288;679557;288;sc310&FEI4;22;25;1;W9-LGA35;250;;0,005;4;50D-GBGR2;300;;0,002;6;W4-LG12;120;;0,003;SiPM-AFP;SiPM-AFP;26,5;;35,5;3_0;W4-S215;125;;0,007;3_1;W4-S215;125;;0,007;3_2;W4-S215;125;;0,007;3_3;W4-S215;125;;0,007
8.9.;Weitao/Elisabeth;00:32;3659;1504822722;101;200236;879793;285;sc310&FEI4;22;25;1;W9-LGA35;250;;0,005;4;50D-GBGR2;300;;0,002;6;W4-LG12;120;;0,003;SiPM-AFP;SiPM-AFP;26,5;;36;3_0;W4-S215;125;;0,007;3_1;W4-S215;125;;0,007;3_2;W4-S215;125;;0,007;3_3;W4-S215;125;;0,007
8.9.;Weitao/Elisabeth;00:48;3660;1504823703;101;200291;1080084;290;sc310&FEI4;22;25;1;W9-LGA35;250;;0,005;4;50D-GBGR2;300;;0,002;6;W4-LG12;120;;0,003;SiPM-AFP;SiPM-AFP;26,5;;36;3_0;W4-S215;125;;0,007;3_1;W4-S215;125;;0,007;3_2;W4-S215;125;;0,007;3_3;W4-S215;125;;0,007
8.9.;Weitao/Elisabeth;01:40;3661;1504826378;102;200215;;180;sc310&FEI4;22;24;1;W9-LGA35;180;;0,0034;4;50D-GBGR2;220;;0,0017;6;W4-LG12;80;;0,0025;SiPM-AFP;SiPM-AFP;26,5;;36;3_0;W4-S215;80;;0,005;3_1;W4-S215;80;;0,005;3_2;W4-S215;80;;0,005;3_3;W4-S215;80;;0,005
8.9.;Weitao/Elisabeth;02:04;3662;1504827818;103;207667;;180;sc310&FEI4;22;24;1;W9-LGA35;200;;0,0035;4;50D-GBGR2;250;;0,0017;6;W4-LG12;90;;0,0025;SiPM-AFP;SiPM-AFP;26,5;;36;3_0;W4-S215;90;;0,005;3_1;W4-S215;90;;0,005;3_2;W4-S215;90;;0,005;3_3;W4-S215;90;;0,005
8.9.;Weitao/Elisabeth;02:25;3663;1504829144;104;200284;;178;sc310&FEI4;22;24;1;W9-LGA35;220;;0,0036;4;50D-GBGR2;280;;0,0018;6;W4-LG12;100;;0,0026;SiPM-AFP;SiPM-AFP;26,5;;36;3_0;W4-S215;100;;0,005;3_1;W4-S215;100;;0,005;3_2;W4-S215;100;;0,005;3_3;W4-S215;100;;0,005
8.9.;Weitao/Elisabeth;02:44;3664;1504830539;105;200239;;232;sc310&FEI4;22;24;1;W9-LGA35;230;;0,0037;4;50D-GBGR2;300;;0,0019;6;W4-LG12;110;;0,0026;SiPM-AFP;SiPM-AFP;26,5;;37;3_0;W4-S215;110;;0,006;3_1;W4-S215;110;;0,006;3_2;W4-S215;110;;0,006;3_3;W4-S215;110;;0,006
8.9.;Weitao/Elisabeth;02:56;3665;1504831602;106;210892;;398;sc310&FEI4;22;24;1;W9-LGA35;240;;0,0039;4;50D-GBGR2;310;;0,0019;6;W4-LG12;120;;0,0028;SiPM-AFP;SiPM-AFP;26,5;;37;3_0;W4-S215;120;;0,006;3_1;W4-S215;120;;0,006;3_2;W4-S215;120;;0,006;3_3;W4-S215;120;;0,006
8.9.;Weitao/Elisabeth;03:10;3666;1504832421;107;207375;;377;sc310&FEI4;22;24;1;W9-LGA35;250;;0,0044;4;50D-GBGR2;320;;0,002;6;W4-LG12;125;;0,0031;SiPM-AFP;SiPM-AFP;26,5;;37;3_0;W4-S215;125;;0,006;3_1;W4-S215;125;;0,006;3_2;W4-S215;125;;0,006;3_3;W4-S215;125;;0,006
8.9.;Weitao/Elisabeth;03:22;3667;1504833164;108;207418;207418;404;sc310&FEI4;22;24;1;W9-LGA35;230;;0,0037;4;50D-GBGR2;310;;0,0019;6;W4-LG12;125;;0,0031;SiPM-AFP;SiPM-AFP;26,5;;37;3_0;W4-S215;120;;0,006;3_1;W4-S215;120;;0,006;3_2;W4-S215;120;;0,006;3_3;W4-S215;120;;0,006
8.9.;Weitao/Elisabeth;03:33;3668;1504833898;108;207352;414770;405;sc310&FEI4;22;24;1;W9-LGA35;230;;0,0037;4;50D-GBGR2;310;;0,0019;6;W4-LG12;125;;0,0031;SiPM-AFP;SiPM-AFP;26,5;;37;3_0;W4-S215;120;;0,006;3_1;W4-S215;120;;0,006;3_2;W4-S215;120;;0,006;3_3;W4-S215;120;;0,006
8.9.;Weitao/Elisabeth;03:45;3669;1504834599;108;214579;629349;403;sc310&FEI4;22;24;1;W9-LGA35;230;;0,0037;4;50D-GBGR2;310;;0,0019;6;W4-LG12;125;;0,0031;SiPM-AFP;SiPM-AFP;26,5;;37;3_0;W4-S215;120;;0,006;3_1;W4-S215;120;;0,006;3_2;W4-S215;120;;0,006;3_3;W4-S215;120;;0,006
8.9.;Weitao/Elisabeth;03:56;3670;1504835228;108;214495;843844;406;sc310&FEI4;22;24;1;W9-LGA35;230;;0,0037;4;50D-GBGR2;310;;0,0019;6;W4-LG12;125;;0,0031;SiPM-AFP;SiPM-AFP;26,5;;38;3_0;W4-S215;120;;0,006;3_1;W4-S215;120;;0,006;3_2;W4-S215;120;;0,006;3_3;W4-S215;120;;0,006
8.9.;Weitao/Elisabeth;04:09;3671;1504836010;108;207362;1051206;389;sc310&FEI4;22;24;1;W9-LGA35;230;;0,0037;4;50D-GBGR2;310;;0,0019;6;W4-LG12;125;;0,0031;SiPM-AFP;SiPM-AFP;26,5;;38;3_0;W4-S215;120;;0,006;3_1;W4-S215;120;;0,006;3_2;W4-S215;120;;0,006;3_3;W4-S215;120;;0,006
8,9;Marisol Robles;08:50;3691;1504853409;201;413477;413477;378;sc310&FEI4;22;23;1;W9-LGA35;180;;0,003;4;50D-GBGR2;220;;0,0016;6;W4-LG12;80;;0,0024;3_0;W4-S215;80;;0,004;SiPM-AFP;SiPM-AFP;26,5;;38;3_1;W4-S215;80;;0,004;3_2;W4-S215;80;;0,004;3_3;W4-S215;80;;0,004
8,9;Christian/Marisol;09:16;3693;1504854923;202;203231;203231;400;sc310&FEI4;22;23;1;W9-LGA35;200;;0,0032;4;50D-GBGR2;250;;0,0017;6;W4-LG12;90;;0,0025;3_0;W4-S215;90;;0,005;SiPM-AFP;SiPM-AFP;26,5;;38;3_1;W4-S215;90;;0,005;3_2;W4-S215;90;;0,005;3_3;W4-S215;90;;0,005
8,9;Christian/Marisol;11:30;3697;1504863572;203;100000;100000;400;sc310&FEI4;22;23;1;W9-LGA35;220;;0,0035;4;50D-GBGR2;280;;0,0018;6;W4-LG12;100;;0,0026;3_0;W4-S215;100;;0,005;SiPM-AFP;SiPM-AFP;26,5;;38;3_1;W4-S215;100;;0,005;3_2;W4-S215;100;;0,005;3_3;W4-S215;100;;0,005
8,9;Christian/Jens;11:45;3698;1504864077;203;60000;160000;400;sc310&FEI4;22;23;1;W9-LGA35;220;;0,0035;4;50D-GBGR2;280;;0,0018;6;W4-LG12;100;;0,0026;3_0;W4-S215;100;;0,005;SiPM-AFP;SiPM-AFP;26,5;;38;3_1;W4-S215;100;;0,005;3_2;W4-S215;100;;0,005;3_3;W4-S215;100;;0,005
8.9.;Christian/Jens;12:10;3701;1504865427;203;80000;240000;286;sc310&FEI4;22;23;1;W9-LGA35;220;;0,0035;4;50D-GBGR2;280;;0,0018;6;W4-LG12;100;;0,0026;3_0;W4-S215;100;;0,005;SiPM-AFP;SiPM-AFP;26,5;;38;3_1;W4-S215;100;;;3_2;W4-S215;100;;;3_3;W4-S215;100;;
8.9.;everyone;17:40;3738;1504884843;203;21503;261503;102;sc310&FEI4;22;23;1;W9-LGA35;220;;0,0035;4;50D-GBGR2;280;;0,0018;6;W4-LG12;100;;0,0026;3_0;W4-S215;100;;0,005;SiPM-AFP;SiPM-AFP;26,5;;38;3_1;W4-S215;100;;;3_2;W4-S215;100;;;3_3;W4-S215;100;;
8.9.;everyone;18:10;3739;1504885418;203;200210;461713;82;sc310&FEI4;22;23;1;W9-LGA35;220;;0,0035;4;50D-GBGR2;280;;0,0018;6;W4-LG12;100;;0,0026;3_0;W4-S215;100;;0,005;SiPM-AFP;SiPM-AFP;26,5;;38;3_1;W4-S215;100;;;3_2;W4-S215;100;;;3_3;W4-S215;100;;
8.9.;Anindya/Irena;18:40;3740;1504888768;204;207463;207463;177;sc310&FEI4;22;23;1;W9-LGA35;230;;0,0036;4;50D-GBGR2;300;;0,002;6;W4-LG12;110;;0,0027;3_0;W4-S215;110;;0,006;SiPM-AFP;SiPM-AFP;26,5;;41;3_1;W4-S215;110;;;3_2;W4-S215;110;;;3_3;W4-S215;110;;
8.9.;Anindya/Irena;19:05;3741;1504890115;205;200299;200299;250;sc310&FEI4;22;23;1;W9-LGA35;240;;0,0039;4;50D-GBGR2;310;;0,0021;6;W4-LG12;120;;0,003;3_0;W4-S215;120;;0,007;SiPM-AFP;SiPM-AFP;26,5;;41;3_1;W4-S215;120;;;3_2;W4-S215;120;;;3_3;W4-S215;120;;
8.9.;Anindya/Irena;19:20;3742;1504891111;206;200500;200500;290;sc310&FEI4;22;23;1;W9-LGA35;250;;0,0044;4;50D-GBGR2;320;;0,0022;6;W4-LG12;125;;0,0033;3_0;W4-S215;125;;0,008;SiPM-AFP;SiPM-AFP;26,5;;41,5;3_1;W4-S215;125;;;3_2;W4-S215;125;;;3_3;W4-S215;125;;
8.9.;Anindya/Irena;19:35;3743;1504891913;207;312655;312655;952;sc310&FEI4;22;23;1;W9-LGA35;230;;0,0037;4;50D-GBGR2;310;;0,0021;6;W4-LG12;125;;0,0032;3_0;W4-S215;120;;0,007;SiPM-AFP;SiPM-AFP;26,5;;41,4;3_1;W4-S215;120;;;3_2;W4-S215;120;;;3_3;W4-S215;120;;
8.9.;Anindya/Irena;19:57;3745;1504893255;207;312570;625225;284;sc310&FEI4;22;23;1;W9-LGA35;230;;0,0037;4;50D-GBGR2;310;;0,0021;6;W4-LG12;125;;0,0032;3_0;W4-S215;120;;0,007;SiPM-AFP;SiPM-AFP;26,5;;41,4;3_1;W4-S215;120;;;3_2;W4-S215;120;;;3_3;W4-S215;120;;
8.9.;Anindya/Irena;20:16;3747;1504894541;207;250588;875813;285;sc310&FEI4;22;23;1;W9-LGA35;230;;0,0037;4;50D-GBGR2;310;;0,002;6;W4-LG12;125;;0,0033;3_0;W4-S215;120;;0,008;SiPM-AFP;SiPM-AFP;26,5;;41,5;3_1;W4-S215;120;;;3_2;W4-S215;120;;;3_3;W4-S215;120;;
8.9.;Anindya/Irena;20:30;3748;1504895590;207;200499;1076312;288;sc310&FEI4;22;23;1;W9-LGA35;230;;0,0037;4;50D-GBGR2;310;;0,002;6;W4-LG12;125;;0,0033;3_0;W4-S215;120;;0,007;SiPM-AFP;SiPM-AFP;26,5;;41,7;3_1;W4-S215;120;;;3_2;W4-S215;120;;;3_3;W4-S215;120;;
8.9.;Anindya/Irena;20:45;3749;1504896394;207;208610;1284922;247;sc310&FEI4;22;23;1;W9-LGA35;230;;0,0037;4;50D-GBGR2;310;;0,002;6;W4-LG12;125;;0,0033;3_0;W4-S215;120;;0,006;SiPM-AFP;SiPM-AFP;26,5;;41,3;3_1;W4-S215;120;;;3_2;W4-S215;120;;;3_3;W4-S215;120;;
8.9.;Anindya/Irena;21:05;3750;1504897360;207;214657;1499579;178;sc310&FEI4;22;23;1;W9-LGA35;230;;0,0037;4;50D-GBGR2;310;;0,002;6;W4-LG12;125;;0,0033;3_0;W4-S215;120;;0,006;SiPM-AFP;SiPM-AFP;26,5;;41,3;3_1;W4-S215;120;;;3_2;W4-S215;120;;;3_3;W4-S215;120;;
8.9.;Anindya/Irena;21:47;3751;1504899897;207;200480;1700059;178;sc310&FEI4;22;23;1;W9-LGA35;230;;0,0037;4;50D-GBGR2;310;;0,002;6;W4-LG12;125;;0,0033;3_0;W4-S215;120;;0,006;SiPM-AFP;SiPM-AFP;26,5;;42;3_1;W4-S215;120;;;3_2;W4-S215;120;;;3_3;W4-S215;120;;
8.9.;Anindya/Irena;22:06;3752;1504901141;207;221867;1921926;178;sc310&FEI4;22;23;1;W9-LGA35;230;;0,0038;4;50D-GBGR2;310;;0,002;6;W4-LG12;125;;0,0033;3_0;W4-S215;120;;0,007;SiPM-AFP;SiPM-AFP;26,5;;42,3;3_1;W4-S215;120;;;3_2;W4-S215;120;;;3_3;W4-S215;120;;
8.9.;Anindya/Irena;22:36;3753;1504902956;207;200351;2122277;178;sc310&FEI4;22;23;1;W9-LGA35;230;;0,0038;4;50D-GBGR2;310;;0,002;6;W4-LG12;125;;0,0033;3_0;W4-S215;120;;0,007;SiPM-AFP;SiPM-AFP;26,5;;42;3_1;W4-S215;120;;;3_2;W4-S215;120;;;3_3;W4-S215;120;;
8.9.;Anindya/Irena;22:51;3754;1504903764;207;200406;2322683;291;sc310&FEI4;22;23;1;W9-LGA35;230;;0,0038;4;50D-GBGR2;310;;0,002;6;W4-LG12;125;;0,0033;3_0;W4-S215;120;;0,007;SiPM-AFP;SiPM-AFP;26,5;;42;3_1;W4-S215;120;;;3_2;W4-S215;120;;;3_3;W4-S215;120;;
8.9.;Anindya/Irena;23:03;3755;1504904519;207;200459;2523142;162;sc310&FEI4;22;23;1;W9-LGA35;230;;0,0038;4;50D-GBGR2;310;;0,002;6;W4-LG12;125;;0,0033;3_0;W4-S215;120;;0,007;SiPM-AFP;SiPM-AFP;26,5;;42;3_1;W4-S215;120;;;3_2;W4-S215;120;;;3_3;W4-S215;120;;
9,9;Bengt/Christian;10:00;3785;1504944107;301;100010;100010;295;sc310&FEI4;22;23;1;W9-LGA35;220;;0,0035;2;W4-S203;80;;0,004;5;W4-S1061;80;;0,0025;6;W4-S1022;80;;1,14;8_1;W4-RD01;80;;0,0135;8_2;W4-RD01;80;;;SiPM-AFP;SiPM-AFP;26,5;;42;;;;;
9,9;Bengt/Christian;10:20;3786;1504945362;301;206899;306909;286;sc310&FEI4;22;23;1;W9-LGA35;220;;0,0035;2;W4-S203;80;;0,004;5;W4-S1061;80;;0,0025;6;W4-S1022;80;;1,14;8_1;W4-RD01;80;;0,0135;8_2;W4-RD01;80;;;SiPM-AFP;SiPM-AFP;26,5;;42;;;;;
9,9;Bengt/Christian;10:39;3787;1504946329;302;207137;207137;286;sc310&FEI4;22;23;1;W9-LGA35;220;;0,0035;2;W4-S203;90;;0,004;5;W4-S1061;100;;0,0028;6;W4-S1022;90;;1,23;8_1;W4-RD01;90;;0,0146;8_2;W4-RD01;90;;;SiPM-AFP;SiPM-AFP;26,5;;42;;;;;
9,9;Bengt/Christian;10:55;3788;1504947269;303;206871;206871;286;sc310&FEI4;22;23;1;W9-LGA35;220;;0,0035;2;W4-S203;100;;0,005;5;W4-S1061;120;;0,0034;6;W4-S1022;100;;1,34;8_1;W4-RD01;100;;0,0159;8_2;W4-RD01;100;;;SiPM-AFP;SiPM-AFP;26,5;;42;;;;;
9,9;Bengt/Christian;11:08;3789;1504948123;304;214125;214125;286;sc310&FEI4;22;23;1;W9-LGA35;220;;0,0035;2;W4-S203;110;;0,005;5;W4-S1061;140;;0,0048;6;W4-S1022;110;;1,49;8_1;W4-RD01;110;;0,018;8_2;W4-RD01;110;;;SiPM-AFP;SiPM-AFP;26,5;;42;;;;;
9,9;Bengt/Christian;11:24;3790;1504949018;305;207003;207003;289;sc310&FEI4;22;23;1;W9-LGA35;220;;0,0035;2;W4-S203;120;;0,006;5;W4-S1061;150;;0,0071;6;W4-S1022;105;;1,37;8_1;W4-RD01;120;;0,021;8_2;W4-RD01;120;;;SiPM-AFP;SiPM-AFP;26,5;;42;;;;;
9,9;Bengt/Christian;11:39;3791;1504949898;306;207059;207059;290;sc310&FEI4;22;23;1;W9-LGA35;220;;0,0035;2;W4-S203;120;;0,006;5;W4-S1061;140;;0,0048;6;W4-S1022;90;;1,17;8_1;W4-RD01;120;;0,021;8_2;W4-RD01;120;;;SiPM-AFP;SiPM-AFP;26,5;;42;;;;;
9,9;Bengt/Christian;11:52;3792;1504950714;306;207094;414153;290;sc310&FEI4;22;23;1;W9-LGA35;220;;0,0035;2;W4-S203;120;;0,006;5;W4-S1061;140;;0,0048;6;W4-S1022;90;;1,17;8_1;W4-RD01;120;;0,021;8_2;W4-RD01;120;;;SiPM-AFP;SiPM-AFP;26,5;;41,5;;;;;
9,9;Joern;12:05;3793;1504951486;306;207071;621224;290;sc310&FEI4;22;23;1;W9-LGA35;220;;0,0035;2;W4-S203;120;;0,006;5;W4-S1061;140;;0,0048;6;W4-S1022;90;;1,15;8_1;W4-RD01;120;;0,021;8_2;W4-RD01;120;;;SiPM-AFP;SiPM-AFP;26,5;;41,5;;;;;
9,9;Bengt/Christian;12:21;3794;1504952424;306;214219;835443;289;sc310&FEI4;22;23;1;W9-LGA35;220;;0,0035;2;W4-S203;120;;0,006;5;W4-S1061;140;;0,0048;6;W4-S1022;90;;1,15;8_1;W4-RD01;120;;0,021;8_2;W4-RD01;120;;;SiPM-AFP;SiPM-AFP;26,5;;42;;;;;
9,9;Bengt/Christian;12:35;3795;1504953251;306;207120;1042563;290;sc310&FEI4;22;23;1;W9-LGA35;220;;0,0035;2;W4-S203;120;;0,006;5;W4-S1061;140;;0,0048;6;W4-S1022;90;;1,14;8_1;W4-RD01;120;;0,021;8_2;W4-RD01;120;;;SiPM-AFP;SiPM-AFP;26,5;;42;;;;;
9,9;Bengt/Christian;12:48;3796;1504954053;306;214458;1257021;230;sc310&FEI4;22;23;1;W9-LGA35;220;;0,0035;2;W4-S203;120;;0,006;5;W4-S1061;140;;0,0048;6;W4-S1022;90;;1,14;8_1;W4-RD01;120;;0,021;8_2;W4-RD01;120;;;SiPM-AFP;SiPM-AFP;26,5;;42;;;;;
9,9;Bengt/Christian;13:08;3797;1504955229;306;214198;1471219;289;sc310&FEI4;22;23;1;W9-LGA35;220;;0,0035;2;W4-S203;120;;0,006;5;W4-S1061;140;;0,0048;6;W4-S1022;90;;1,12;8_1;W4-RD01;120;;0,021;8_2;W4-RD01;120;;;SiPM-AFP;SiPM-AFP;26,5;;42;;;;;
9,9;Bengt/Christian;13:20;3798;1504956054;306;221311;1692530;286;sc310&FEI4;22;23;1;W9-LGA35;220;;0,0036;2;W4-S203;120;;0,006;5;W4-S1061;140;;0,0048;6;W4-S1022;90;;1,11;8_1;W4-RD01;120;;0,021;8_2;W4-RD01;120;;;SiPM-AFP;SiPM-AFP;26,5;;42;;;;;
9,9;Joern;13:35;3799;1504956907;306;257031;1949561;288;sc310&FEI4;22;23;1;W9-LGA35;220;;0,0036;2;W4-S203;120;;0,006;5;W4-S1061;140;;0,0048;6;W4-S1022;90;;1,11;8_1;W4-RD01;120;;0,021;8_2;W4-RD01;120;;;SiPM-AFP;SiPM-AFP;26,5;;42;;;;;
9,9;Joern;13:50;3800;1504957873;306;249930;2199491;288;sc310&FEI4;22;23;1;W9-LGA35;220;;0,0036;2;W4-S203;120;;0,006;5;W4-S1061;140;;0,0048;6;W4-S1022;90;;1,1;8_1;W4-RD01;120;;0,021;8_2;W4-RD01;120;;;SiPM-AFP;SiPM-AFP;26,5;;42;;;;;
9,9;Joern;14:06;3801;1504958794;306;249761;2449252;288;sc310&FEI4;22;23;1;W9-LGA35;220;;0,0036;2;W4-S203;120;;0,006;5;W4-S1061;140;;0,0048;6;W4-S1022;90;;1,1;8_1;W4-RD01;120;;0,021;8_2;W4-RD01;120;;;SiPM-AFP;SiPM-AFP;26,5;;42;;;;;
9,9;Joern;14:22;3802;1504959706;306;257040;2706292;281;sc310&FEI4;22;23;1;W9-LGA35;220;;0,0036;2;W4-S203;120;;0,006;5;W4-S1061;140;;0,0048;6;W4-S1022;90;;1,1;8_1;W4-RD01;120;;0,021;8_2;W4-RD01;120;;;SiPM-AFP;SiPM-AFP;26,5;;42;;;;;
9,9;Joern;14:39;3803;1504960732;306;256996;2963288;287;sc310&FEI4;22;23;1;W9-LGA35;220;;0,0036;2;W4-S203;120;;0,006;5;W4-S1061;140;;0,0048;6;W4-S1022;90;;1,08;8_1;W4-RD01;120;;0,021;8_2;W4-RD01;120;;;SiPM-AFP;SiPM-AFP;26,5;;42;;;;;
10.9.;Marisol/Edvin;02:19;3844;1505001742;401;234374;234274;122;sc310&FEI4;-30;-21;2;W4-S203;70;;0,0014;3_2;W4-S215;60;;0,002;5;W4-S1061;90;;0,0015;6;W4-S1022;80;;0,2028;SiPM-AFP;SiPM-AFP;26,5;;45;3_0;W4-S215;60;;0,002;3_1;W4-S215;60;;0,002;3_3;W4-S215;60;;0,002
10.9.;Marisol/Edvin;02:44;3845;1505003975;401;205486;439760;120;sc310&FEI4;-30;-21;2;W4-S203;70;;0,0014;3_2;W4-S215;60;;0,002;5;W4-S1061;90;;0,0015;6;W4-S1022;80;;0,1938;SiPM-AFP;SiPM-AFP;26,5;;46;3_0;W4-S215;60;;0,002;3_1;W4-S215;60;;0,002;3_3;W4-S215;60;;0,002
10.9.;Marisol/Edvin;03:10;3846;1505005814;401;206239;645999;200;sc310&FEI4;-30;-21;2;W4-S203;70;;0,0014;3_2;W4-S215;60;;0,002;5;W4-S1061;90;;0,0015;6;W4-S1022;80;;0,2015;SiPM-AFP;SiPM-AFP;26,5;;46;3_0;W4-S215;60;;0,002;3_1;W4-S215;60;;0,002;3_3;W4-S215;60;;0,002
10.9.;Marisol/Edvin;03:30;3848;1505007024;401;206240;852239;260;sc310&FEI4;-30;-21;2;W4-S203;70;;0,0014;3_2;W4-S215;60;;0,002;5;W4-S1061;90;;0,0015;6;W4-S1022;80;;0,2061;SiPM-AFP;SiPM-AFP;26,5;;47;3_0;W4-S215;60;;0,002;3_1;W4-S215;60;;0,002;3_3;W4-S215;60;;0,002
10.9.;Marisol/Edvin;03:47;3849;1505008064;401;206180;1058419;230;sc310&FEI4;-30;-21;2;W4-S203;70;;0,0014;3_2;W4-S215;60;;0,002;5;W4-S1061;90;;0,0015;6;W4-S1022;80;;0,1983;SiPM-AFP;SiPM-AFP;26,5;;47;3_0;W4-S215;60;;0,002;3_1;W4-S215;60;;0,002;3_3;W4-S215;60;;0,002
10.9.;Marisol/Edvin;04:06;3850;1505009123;402;199103;199103;230;sc310&FEI4;-30;-21;2;W4-S203;65;;0,0014;3_2;W4-S215;55;;0,002;5;W4-S1061;80;;0,0015;6;W4-S1022;70;;0,1798;SiPM-AFP;SiPM-AFP;26,5;;47;3_0;W4-S215;55;;0,002;3_1;W4-S215;55;;0,002;3_3;W4-S215;55;;0,002
10.9.;Marisol/Edvin;04:24;3851;1505010248;403;208695;208695;230;sc310&FEI4;-30;-21;2;W4-S203;60;;0,0014;3_2;W4-S215;50;;0,002;5;W4-S1061;70;;0,0014;6;W4-S1022;60;;0,1621;SiPM-AFP;SiPM-AFP;26,5;;47;3_0;W4-S215;50;;0,002;3_1;W4-S215;50;;0,002;3_3;W4-S215;50;;0,002
10.9.;Marisol/Edvin;04:42;3852;1505011342;404;201811;201811;230;sc310&FEI4;-30;-21;2;W4-S203;55;;0,0014;3_2;W4-S215;45;;0,002;5;W4-S1061;60;;0,0015;6;W4-S1022;50;;0,1361;SiPM-AFP;SiPM-AFP;26,5;;47;3_0;W4-S215;45;;0,002;3_1;W4-S215;45;;0,002;3_3;W4-S215;45;;0,002
10.9.;Marisol/Edvin;05:00;3853;1505012342;405;199222;199222;220;sc310&FEI4;-30;-21;2;W4-S203;50;;0,0014;3_2;W4-S215;40;;0,002;5;W4-S1061;50;;0,0015;6;W4-S1022;40;;0,1257;SiPM-AFP;SiPM-AFP;26,5;;48;3_0;W4-S215;40;;0,002;3_1;W4-S215;40;;0,002;3_3;W4-S215;40;;0,002
10.9.;Marisol/Edvin;05:18;3854;1505013532;406;206366;206366;195;sc310&FEI4;-30;-21;2;W4-S203;45;;0,0014;3_2;W4-S215;35;;0,002;5;W4-S1061;40;;0,0015;6;W4-S1022;90;;0,239;SiPM-AFP;SiPM-AFP;26,5;;48;3_0;W4-S215;35;;0,002;3_1;W4-S215;35;;0,002;3_3;W4-S215;35;;0,002
10.9.;Marisol/Edvin;05:38;3855;1505014681;402;206143;405246;190;sc310&FEI4;-30;-21;2;W4-S203;65;;0,0014;3_2;W4-S215;55;;0,002;5;W4-S1061;80;;0,0015;6;W4-S1022;70;;0,1798;SiPM-AFP;SiPM-AFP;26,5;;47;3_0;W4-S215;55;;0,002;3_1;W4-S215;55;;0,002;3_3;W4-S215;55;;0,002
10.9.;Joern/Lucia;11:24;3863;1505035429;501;206931;206931;389;sc310&FEI4;-30;-21;2;W4-S203;60;;0,0014;3_2;W4-S215;80;;0,003;5;W4-S1061;85;;0,0015;6;W4-S1022;90;;0,24;SiPM-AFP;SiPM-AFP;26,5;;49;7_0;W4-S204_6e14;300;;1,75;7_2;W4-S204_6e14;300;;;7_3;W4-S204_6e14;300;;
10.9.;Joern/Lucia;11:35;3864;1505036154;502;207048;207048;402;sc310&FEI4;-30;-21;2;W4-S203;60;;0,0014;3_2;W4-S215;75;;0,003;5;W4-S1061;85;;0,0015;6;W4-S1022;90;;0,24;SiPM-AFP;SiPM-AFP;26,5;;49;7_0;W4-S204_6e14;290;;1,56;7_2;W4-S204_6e14;290;;;7_3;W4-S204_6e14;290;;
10.9.;Joern/Lucia;11:46;3865;1505036746;503;206887;206887;403;sc310&FEI4;-30;-21;2;W4-S203;60;;0,0014;3_2;W4-S215;70;;0,003;5;W4-S1061;85;;0,0015;6;W4-S1022;90;;0,24;SiPM-AFP;SiPM-AFP;26,5;;49;7_0;W4-S204_6e14;270;;1,2;7_2;W4-S204_6e14;270;;;7_3;W4-S204_6e14;270;;
10.9.;Joern/Lucia;11:58;3866;1505037456;504;206952;206952;385;sc310&FEI4;-30;-21;2;W4-S203;60;;0,0014;3_2;W4-S215;65;;0,002;5;W4-S1061;85;;0,0015;6;W4-S1022;90;;0,24;SiPM-AFP;SiPM-AFP;26,5;;49;7_0;W4-S204_6e14;250;;1,28;7_2;W4-S204_6e14;250;;;7_3;W4-S204_6e14;250;;
10.9.;Joern/Jens;12:10;3867;1505038239;505;206984;206984;288;sc310&FEI4;-30;-21;2;W4-S203;60;;0,0014;3_2;W4-S215;60;;0,001;5;W4-S1061;85;;0,0015;6;W4-S1022;90;;0,24;SiPM-AFP;SiPM-AFP;26,5;;49;7_0;W4-S204_6e14;230;;0,95;7_2;W4-S204_6e14;230;;;7_3;W4-S204_6e14;230;;
10.9.;Joern/Jens;12:25;3868;1505039099;506;206859;206859;289;sc310&FEI4;-30;-21;2;W4-S203;60;;0,0014;3_2;W4-S215;50;;0,001;5;W4-S1061;85;;0,0015;6;W4-S1022;90;;0,24;SiPM-AFP;SiPM-AFP;26,5;;49;7_0;W4-S204_6e14;200;;0,78;7_2;W4-S204_6e14;200;;;7_3;W4-S204_6e14;200;;
10.9.;Jens;12:40;3869;1505040019;506;71325;278184;296;sc310&FEI4;-30;-21;2;W4-S203;60;;0,0014;3_2;W4-S215;50;;0,001;5;W4-S1061;85;;0,0015;6;W4-S1022;90;;0,24;SiPM-AFP;SiPM-AFP;26,5;;49;7_0;W4-S204_6e14;200;;0,78;7_2;W4-S204_6e14;200;;;7_3;W4-S204_6e14;200;;
10.9.;Jens/Irena;12:58;3870;1505041059;507;206916;206916;288;sc310&FEI4;-30;-21;2;W4-S203;60;;0,0014;3_2;W4-S215;80;;0,001;5;W4-S1061;85;;0,0015;6;W4-S1022;90;;0,24;SiPM-AFP;SiPM-AFP;26,5;;48;7_0;W4-S204_6e14;250;;1,28;7_2;W4-S204_6e14;250;;;7_3;W4-S204_6e14;250;;
10.9.;Jens/Irena;13:10;3871;1505041851;507;206834;413750;283;sc310&FEI4;-30;-21;2;W4-S203;60;;0,0014;3_2;W4-S215;80;;0,001;5;W4-S1061;85;;0,0015;6;W4-S1022;90;;0,24;SiPM-AFP;SiPM-AFP;26,5;;49;7_0;W4-S204_6e14;250;;1,14;7_2;W4-S204_6e14;250;;;7_3;W4-S204_6e14;250;;
10.9.;Jens/Irena;13:24;3872;1505042699;507;206887;620637;296;sc310&FEI4;-30;-21;2;W4-S203;60;;0,0014;3_2;W4-S215;80;;0,001;5;W4-S1061;85;;0,0015;6;W4-S1022;90;;0,24;SiPM-AFP;SiPM-AFP;26,5;;49;7_0;W4-S204_6e14;250;;1,28;7_2;W4-S204_6e14;250;;;7_3;W4-S204_6e14;250;;
10.9.;Jens/Irena;13:37;3873;1505043552;507;206892;827529;295;sc310&FEI4;-30;-21;2;W4-S203;60;;0,0014;3_2;W4-S215;80;;0,001;5;W4-S1061;85;;0,0015;6;W4-S1022;90;;0,24;SiPM-AFP;SiPM-AFP;26,5;;49,5;7_0;W4-S204_6e14;250;;1,13;7_2;W4-S204_6e14;250;;;7_3;W4-S204_6e14;250;;
10.9.;Jens/Irena;13:56;3874;1505044586;507;206839;1034368;300;sc310&FEI4;-30;-21;2;W4-S203;60;;0,0013;3_2;W4-S215;80;;0,001;5;W4-S1061;85;;0,0015;6;W4-S1022;90;;0,23;SiPM-AFP;SiPM-AFP;26,5;;49,2;7_0;W4-S204_6e14;250;;1,21;7_2;W4-S204_6e14;250;;;7_3;W4-S204_6e14;250;;
10.9.;Jens/Irena;14:10;3875;1505045466;507;206954;1241322;287;sc310&FEI4;-30;-21;2;W4-S203;60;;0,0013;3_2;W4-S215;80;;0,001;5;W4-S1061;85;;0,0015;6;W4-S1022;90;;0,24;SiPM-AFP;SiPM-AFP;26,5;;49;7_0;W4-S204_6e14;250;;1,17;7_2;W4-S204_6e14;250;;;7_3;W4-S204_6e14;250;;
10.9.;Jens/Irena;14:25;3876;1505046356;507;240829;1482151;308;sc310&FEI4;-30;-21;2;W4-S203;60;;0,0013;3_2;W4-S215;80;;0,001;5;W4-S1061;85;;0,0015;6;W4-S1022;90;;0,24;SiPM-AFP;SiPM-AFP;26,5;;49,5;7_0;W4-S204_6e14;250;;1,1;7_2;W4-S204_6e14;250;;;7_3;W4-S204_6e14;250;;
10.9.;Jens/Irena;14:41;3877;1505047322;507;206930;1689081;310;sc310&FEI4;-30;-21;2;W4-S203;60;;0,0013;3_2;W4-S215;80;;0,001;5;W4-S1061;85;;0,0015;6;W4-S1022;90;;0,23;SiPM-AFP;SiPM-AFP;26,5;;49,5;7_0;W4-S204_6e14;250;;1,05;7_2;W4-S204_6e14;250;;;7_3;W4-S204_6e14;250;;
10.9.;Jens/Irena;14:54;3878;1505048114;507;207017;1896098;300;sc310&FEI4;-30;-21;2;W4-S203;60;;0,0014;3_2;W4-S215;80;;0,001;5;W4-S1061;85;;0,0015;6;W4-S1022;90;;0,24;SiPM-AFP;SiPM-AFP;26,5;;49,5;7_0;W4-S204_6e14;250;;1,03;7_2;W4-S204_6e14;250;;;7_3;W4-S204_6e14;250;;
10.9.;Jens/Irena;15:08;3879;1505048879;507;207074;2103172;290;sc310&FEI4;-30;-21;2;W4-S203;60;;0,0013;3_2;W4-S215;80;;0,001;5;W4-S1061;85;;0,0015;6;W4-S1022;90;;0,23;SiPM-AFP;SiPM-AFP;26,5;;50;7_0;W4-S204_6e14;250;;1;7_2;W4-S204_6e14;250;;;7_3;W4-S204_6e14;250;;
10.9.;Bengt/Didier;17:10;3889;1505056046;601;201079;201079;174;sc310&FEI4;-30;-21;8_1;W4-RD01;60;;0,003;8_2;W4-RD01;60;;0,003;SiPM-AFP;SiPM-AFP;26,5;;50;;;;;;x;x;x;;x;x;x;x;;x;x;x;;;;x;x;;;
10.9.;Bengt/Didier;17:37;3890;1505057795;602;204374;204374;179;sc310&FEI4;-30;-21;8_1;W4-RD01;75;;0,003;8_2;W4-RD01;75;;0,003;SiPM-AFP;SiPM-AFP;26,5;;53;;;;;;x;x;x;;x;x;x;x;;x;x;x;;;;x;x;;;
10.9.;Bengt/Didier;17:58;3891;1505059124;603;205321;205321;164;sc310&FEI4;-30;-21;8_1;W4-RD01;70;;0,003;8_2;W4-RD01;70;;0,003;SiPM-AFP;SiPM-AFP;26,5;;53,5;;;;;;x;x;x;;x;x;x;x;;x;x;x;;;;x;x;;;
10.9.;Bengt/Didier;18:22;3892;1505060526;604;233869;233869;171;sc310&FEI4;-30;-21;8_1;W4-RD01;65;;0,003;8_2;W4-RD01;65;;0,003;SiPM-AFP;SiPM-AFP;26,5;;53,5;;;;;;x;x;x;;x;x;x;x;;x;x;x;;;;x;x;;;
10.9.;Bengt/Didier;18:49;3893;1505062148;605;204448;204448;172;sc310&FEI4;-30;-21;8_1;W4-RD01;50;;0,003;8_2;W4-RD01;50;;0,003;SiPM-AFP;SiPM-AFP;26,5;;53;;;;;;x;x;x;;x;x;x;x;;x;x;x;;;;x;x;;;
10.9.;Bengt/Didier;19:10;3894;1505063433;606;205304;205304;172;sc310&FEI4;-30;-21;8_1;W4-RD01;40;;0,003;8_2;W4-RD01;40;;0,003;SiPM-AFP;SiPM-AFP;26,5;;53;;;;;;x;x;x;;x;x;x;x;;x;x;x;;;;x;x;;;
10.9.;Bengt/Didier;19:33;3895;1505064756;601;204161;405240;178;sc310&FEI4;-30;-21;8_1;W4-RD01;60;;0,003;8_2;W4-RD01;60;;0,003;SiPM-AFP;SiPM-AFP;26,5;;53,5;;;;;;x;x;x;;x;x;x;x;;x;x;x;;;;x;x;;;
10.9.;Bengt/Didier;19:53;3896;1505065984;601;208061;613301;146;sc310&FEI4;-30;-21;8_1;W4-RD01;60;;0,003;8_2;W4-RD01;60;;0,003;SiPM-AFP;SiPM-AFP;26,5;;53;;;;;;x;x;x;;x;x;x;x;;x;x;x;;;;x;x;;;
10.9.;Bengt/Didier;20:20;3897;1505067467;601;234052;847353;165;sc310&FEI4;-30;-21;8_1;W4-RD01;60;;0,003;8_2;W4-RD01;60;;0,003;SiPM-AFP;SiPM-AFP;26,5;;53,5;;;;;;x;x;x;;x;x;x;x;;x;x;x;;;;x;x;;;
10.9.;Bengt/Didier;20:43;3898;1505068982;601;200803;1048156;172;sc310&FEI4;-30;-21;8_1;W4-RD01;60;;0,003;8_2;W4-RD01;60;;0,003;SiPM-AFP;SiPM-AFP;26,5;;53,5;;;;;;x;x;x;;x;x;x;x;;x;x;x;;;;x;x;;;
10.9.;Bengt/Didier;21:04;3899;1505070204;601;207099;1255255;177;sc310&FEI4;-30;-21;8_1;W4-RD01;60;;0,003;8_2;W4-RD01;60;;0,003;SiPM-AFP;SiPM-AFP;26,5;;54;;;;;;x;x;x;;x;x;x;x;;x;x;x;;;;x;x;;;
10.9.;Bengt/Didier;21:24;3900;1505071452;601;206252;1461507;173;sc310&FEI4;-30;-21;8_1;W4-RD01;60;;0,003;8_2;W4-RD01;60;;0,003;SiPM-AFP;SiPM-AFP;26,5;;54;;;;;;x;x;x;;x;x;x;x;;x;x;x;;;;x;x;;;
10.9.;Bengt/Didier;21:45;3901;1505072697;601;206579;1668086;151;sc310&FEI4;-30;-21;8_1;W4-RD01;60;;0,003;8_2;W4-RD01;60;;0,003;SiPM-AFP;SiPM-AFP;26,5;;54;;;;;;x;x;x;;x;x;x;x;;x;x;x;;;;x;x;;;
10.9.;Bengt/Didier;22:09;3902;1505074143;601;211450;1879536;158;sc310&FEI4;-30;-21;8_1;W4-RD01;60;;0,003;8_2;W4-RD01;60;;0,003;SiPM-AFP;SiPM-AFP;26,5;;53,5;;;;;;x;x;x;;x;x;x;x;;x;x;x;;;;x;x;;;
10.9.;Bengt/Didier;22:32;3903;1505075550;601;200572;2080108;155;sc310&FEI4;-30;-21;8_1;W4-RD01;60;;0,003;8_2;W4-RD01;60;;0,003;SiPM-AFP;SiPM-AFP;26,5;;54;;;;;;x;x;x;;x;x;x;x;;x;x;x;;;;x;x;;;
11.9.;Ludovica/Marisol;12:45;3916;1505126773;701;214097;214097;400;sc310&FEI4;-40;-31;2;W4-S203;60;;0,0014;3_2;W4-S215;65;;0,003;5;W4-S1061;80;;0,0015;6;W4-S1022;80;;0,16;SiPM-AFP;SiPM-AFP;26,5;;54;7_0;W4-S204_6e14;270;;0,57;7_2;W4-S204_6e14;270;;0,57;7_3;W4-S204_6e14;270;;0,57
11.9.;Ludovica/Marisol;12:45;3917;1505127487;701;206823;420920;380;sc310&FEI4;-40;-31;2;W4-S203;60;;0,0014;3_2;W4-S215;65;;0,003;5;W4-S1061;80;;0,0015;6;W4-S1022;80;;0,16;SiPM-AFP;SiPM-AFP;26,5;;54;7_0;W4-S204_6e14;270;;0,57;7_2;W4-S204_6e14;270;;0,57;7_3;W4-S204_6e14;270;;0,57
11.9.;Ludovica/Marisol;13:08;3918;1505128120;702;206831;206831;380;sc310&FEI4;-40;-30;2;W4-S203;55;;0,0014;3_2;W4-S215;60;;0,003;5;W4-S1061;70;;0,0015;6;W4-S1022;70;;0,14;SiPM-AFP;SiPM-AFP;26,5;;54;7_0;W4-S204_6e14;260;;0,58;7_2;W4-S204_6e14;270;;0,57;7_3;W4-S204_6e14;270;;0,57
11.9.;Ludovica/Marisol;13:18;3919;1505128716;703;206925;206925;380;sc310&FEI4;-40;-31;2;W4-S203;50;;0,0014;3_2;W4-S215;55;;0,003;5;W4-S1061;60;;0,0015;6;W4-S1022;60;;0,11;SiPM-AFP;SiPM-AFP;26,5;;55;7_0;W4-S204_6e14;250;;0,45;7_2;W4-S204_6e14;250;;0,45;7_3;W4-S204_6e14;250;;0,45
11.9.;Ludovica/Marisol;13:28;3920;1505129353;704;206861;206861;390;sc310&FEI4;-40;-31;2;W4-S203;40;;0,0014;3_2;W4-S215;50;;0,003;5;W4-S1061;50;;0,0015;6;W4-S1022;50;;0,1;SiPM-AFP;SiPM-AFP;26,5;;55;7_0;W4-S204_6e14;240;;0,45;7_2;W4-S204_6e14;240;;0,4;7_3;W4-S204_6e14;240;;0,4
11.9.;Ludovica/Marisol;13:38;3921;1505129953;705;206865;206865;246;sc310&FEI4;-40;-31;2;W4-S203;30;;0,0013;3_2;W4-S215;45;;0,003;5;W4-S1061;40;;0,0015;6;W4-S1022;40;;0,09;SiPM-AFP;SiPM-AFP;26,5;;55;7_0;W4-S204_6e14;230;;0,39;7_2;W4-S204_6e14;230;;0,39;7_3;W4-S204_6e14;230;;0,39
11.9.;Ludovica/Marisol;13:50;3922;1505130597;706;206841;206841;390;sc310&FEI4;-40;-31;2;W4-S203;20;;0,0013;3_2;W4-S215;40;;0,003;5;W4-S1061;30;;0,0015;6;W4-S1022;30;;0,04;SiPM-AFP;SiPM-AFP;26,5;;55;7_0;W4-S204_6e14;200;;0,28;7_2;W4-S204_6e14;200;;0,28;7_3;W4-S204_6e14;200;;0,28
11.9.;Ludovica/Marisol;14:00;3924;1505131328;707;206874;206874;336;sc310&FEI4;-40;-31;2;W4-S203;55;;0,0014;3_2;W4-S215;60;;0,003;5;W4-S1061;80;;0,0015;6;W4-S1022;80;;0,15;SiPM-AFP;SiPM-AFP;26,5;;55;7_0;W4-S204_6e14;250;;0,48;7_2;W4-S204_6e14;250;;0,48;7_3;W4-S204_6e14;250;;0,48
11.9.;Ludovica/Marisol;14:14;3925;1505132028;707;206958;413832;285;sc310&FEI4;-40;-30;2;W4-S203;55;;0,0014;3_2;W4-S215;60;;0,003;5;W4-S1061;80;;0,0015;6;W4-S1022;80;;0,15;SiPM-AFP;SiPM-AFP;26,5;;55;7_0;W4-S204_6e14;250;;0,49;7_2;W4-S204_6e14;250;;0,48;7_3;W4-S204_6e14;250;;0,48
11.9.;Ludovica/Marisol;14:29;3928;1505132972;707;204785;618617;330;sc310&FEI4;-40;-30;2;W4-S203;55;;0,0014;3_2;W4-S215;60;;0,003;5;W4-S1061;80;;0,0015;6;W4-S1022;80;;0,16;SiPM-AFP;SiPM-AFP;26,5;;56;7_0;W4-S204_6e14;250;;0,55;7_2;W4-S204_6e14;250;;0,55;7_3;W4-S204_6e14;250;;0,55
11.9.;Ludovica/Marisol;14:41;3929;1505133643;707;185331;803948;350;sc310&FEI4;-40;-30;2;W4-S203;55;;0,0014;3_2;W4-S215;60;;0,003;5;W4-S1061;80;;0,0015;6;W4-S1022;80;;0,16;SiPM-AFP;SiPM-AFP;26,5;;56;7_0;W4-S204_6e14;250;;0,55;7_2;W4-S204_6e14;250;;0,55;7_3;W4-S204_6e14;250;;0,55
11.9.;Ludovica/Marisol;14:53;3930;1505134377;707;164138;968086;400;sc310&FEI4;-40;-30;2;W4-S203;55;;0,0014;3_2;W4-S215;60;;0,003;5;W4-S1061;80;;0,0015;6;W4-S1022;80;;0,16;SiPM-AFP;SiPM-AFP;26,5;;56;7_0;W4-S204_6e14;250;;0,55;7_2;W4-S204_6e14;250;;0,55;7_3;W4-S204_6e14;250;;0,55
12.9.;Jens/Joern;18:07;3978;1505232503;801;103850;103850;89;sc310&FEI4;20;20;1;W9-LGA44;160;;0,002;2;W4-S1030;60;;0,002;3;W4-LG12;60;;0,002;SiPM-AFP;SiPM-AFP;26,5;;55;x;x;x;;x;x;x;x;;x;x;x;;;;x;x;;;
12.9.;Jens/Joern;18:28;3979;1505233734;802;103476;103476;90;sc310&FEI4;20;20;1;W9-LGA44;180;;0,004;2;W4-S1030;70;;0,002;3;W4-LG12;70;;0,002;SiPM-AFP;SiPM-AFP;26,5;;55;x;x;x;;x;x;x;x;;x;x;x;;;;x;x;;;
12.9.;Jens/Joern;18:50;3980;1505234974;803;103023;103023;90;sc310&FEI4;20;20;1;W9-LGA44;200;;0,004;2;W4-S1030;80;;0,002;3;W4-LG12;80;;0,002;SiPM-AFP;SiPM-AFP;26,5;;55;x;x;x;;x;x;x;x;;x;x;x;;;;x;x;;;
12.9.;Jens/Joern;19:10;3981;1505236230;804;102572;102572;80;sc310&FEI4;20;20;1;W9-LGA44;210;;0,004;2;W4-S1030;100;;0,002;3;W4-LG12;100;;0,002;SiPM-AFP;SiPM-AFP;26,5;;55;x;x;x;;x;x;x;x;;x;x;x;;;;x;x;;;
12.9.;Jens/Joern;19:35;3982;1505237657;805;102531;102531;75;sc310&FEI4;20;20;1;W9-LGA44;220;;0,004;2;W4-S1030;110;;0,002;3;W4-LG12;110;;0,002;SiPM-AFP;SiPM-AFP;26,5;;56;x;x;x;;x;x;x;x;;x;x;x;;;;x;x;;;
12.9.;Jens/Joern;19:57;3983;1505239044;806;105244;105244;164;sc310&FEI4;20;20;1;W9-LGA44;230;;0,005;2;W4-S1030;120;;0,002;3;W4-LG12;115;;0,002;SiPM-AFP;SiPM-AFP;26,5;;56;x;x;x;;x;x;x;x;;x;x;x;;;;x;x;;;